Sample,Noisy_PESQ,Enhanced_PESQ,PESQ_Improvement
Sample_001,1.0649508237838745,1.2989846467971802,0.23403382301330566
Sample_002,1.0851812362670898,1.3036781549453735,0.2184969186782837
Sample_003,1.1221404075622559,1.457492709159851,0.3353523015975952
Sample_004,1.0371956825256348,1.0719505548477173,0.03475487232208252
Sample_005,1.0374892950057983,1.1701503992080688,0.1326611042022705
Sample_006,1.025736689567566,1.1419910192489624,0.11625432968139648
Sample_007,1.022240400314331,1.0649725198745728,0.0427321195602417
Sample_008,1.0262023210525513,1.0607116222381592,0.03450930118560791
Sample_009,1.0237981081008911,1.1001986265182495,0.0764005184173584
Sample_010,1.0228722095489502,1.0990562438964844,0.07618403434753418
Sample_011,1.0298357009887695,1.0801891088485718,0.050353407859802246
Sample_012,1.058336615562439,1.1909494400024414,0.13261282444000244
Sample_013,1.0566335916519165,1.1292340755462646,0.07260048389434814
Sample_014,1.3917986154556274,1.122126817703247,-0.26967179775238037
Sample_015,1.0497267246246338,1.1198478937149048,0.070121169090271
Sample_016,1.0999808311462402,1.2194026708602905,0.11942183971405029
Sample_017,1.0629239082336426,1.4124842882156372,0.34956037998199463
Sample_018,1.032261848449707,1.1969249248504639,0.16466307640075684
Sample_019,1.0549328327178955,1.2980084419250488,0.24307560920715332
Sample_020,1.0386170148849487,1.1536964178085327,0.11507940292358398
Sample_021,1.0255169868469238,1.1458795070648193,0.12036252021789551
Sample_022,1.0363402366638184,1.1475346088409424,0.11119437217712402
Sample_023,1.265085220336914,1.1013736724853516,-0.1637115478515625
Sample_024,1.3415504693984985,1.2530264854431152,-0.0885239839553833
Sample_025,1.0852125883102417,1.1329684257507324,0.04775583744049072
Sample_026,1.082716703414917,1.3310883045196533,0.24837160110473633
Sample_027,1.042075753211975,1.1693236827850342,0.12724792957305908
Sample_028,1.050336241722107,1.2839319705963135,0.23359572887420654
Sample_029,1.277451515197754,1.3033204078674316,0.025868892669677734
Sample_030,1.037161946296692,1.1161994934082031,0.07903754711151123
Sample_031,1.0365238189697266,1.1047308444976807,0.0682070255279541
Sample_032,1.0323905944824219,1.1906224489212036,0.15823185443878174
Sample_033,1.1275678873062134,1.3275741338729858,0.20000624656677246
Sample_034,1.0529881715774536,1.1101676225662231,0.05717945098876953
Sample_035,1.0499346256256104,1.1129169464111328,0.06298232078552246
Sample_036,1.0989811420440674,1.3699809312820435,0.2709997892379761
Sample_037,1.5924670696258545,1.1518343687057495,-0.440632700920105
Sample_038,1.1442105770111084,1.2022652626037598,0.05805468559265137
Sample_039,1.0760498046875,1.222051978111267,0.1460021734237671
Sample_040,1.0736807584762573,1.1308283805847168,0.05714762210845947
Sample_041,1.0383996963500977,1.2834162712097168,0.24501657485961914
Sample_042,1.0636342763900757,1.589735984802246,0.5261017084121704
Sample_043,1.0564851760864258,1.368337869644165,0.31185269355773926
Sample_044,1.1187430620193481,1.2280136346817017,0.10927057266235352
Sample_045,1.0460742712020874,1.0537747144699097,0.007700443267822266
Sample_046,1.0868147611618042,1.272648811340332,0.18583405017852783
Sample_047,1.1313296556472778,1.1813911199569702,0.05006146430969238
Sample_048,1.1163341999053955,1.116308569908142,-2.562999725341797e-05
Sample_049,1.0246788263320923,1.085951805114746,0.06127297878265381
Sample_050,1.0344502925872803,1.1323118209838867,0.09786152839660645
Sample_051,1.0396634340286255,1.0958137512207031,0.05615031719207764
Sample_052,1.0265675783157349,1.1141612529754639,0.087593674659729
Sample_053,1.062536358833313,1.1370601654052734,0.07452380657196045
Sample_054,1.049877643585205,1.3092931509017944,0.25941550731658936
Sample_055,1.0438809394836426,1.377314567565918,0.3334336280822754
Sample_056,1.0461266040802002,1.2241523265838623,0.1780257225036621
Sample_057,1.0461353063583374,1.2722010612487793,0.2260657548904419
Sample_058,1.020682454109192,1.1245899200439453,0.10390746593475342
Sample_059,1.033583164215088,1.0754786729812622,0.041895508766174316
Sample_060,1.0706251859664917,1.1128425598144531,0.042217373847961426
Sample_061,1.1028110980987549,1.1764953136444092,0.0736842155456543
Sample_062,1.0304447412490845,1.128280520439148,0.09783577919006348
Sample_063,1.0671429634094238,1.1230084896087646,0.05586552619934082
Sample_064,1.044167399406433,1.1140388250350952,0.06987142562866211
Sample_065,1.1246495246887207,1.0900475978851318,-0.03460192680358887
Sample_066,1.3410181999206543,1.114830732345581,-0.22618746757507324
Sample_067,1.0454901456832886,1.1232645511627197,0.07777440547943115
Sample_068,1.0651404857635498,1.0831228494644165,0.0179823637008667
Sample_069,1.3557227849960327,1.1862374544143677,-0.16948533058166504
Sample_070,1.0695006847381592,1.0852006673812866,0.01569998264312744
Sample_071,1.08135986328125,1.043601155281067,-0.037758708000183105
Sample_072,1.10185706615448,1.1216081380844116,0.01975107192993164
Sample_073,1.1700475215911865,1.1333043575286865,-0.0367431640625
Sample_074,1.0626453161239624,1.140037178993225,0.0773918628692627
Sample_075,1.0404558181762695,1.4885504245758057,0.44809460639953613
Sample_076,1.0498160123825073,1.3854296207427979,0.3356136083602905
Sample_077,1.115475058555603,1.1046565771102905,-0.0108184814453125
Sample_078,1.094908595085144,1.0943200588226318,-0.000588536262512207
Sample_079,1.0802110433578491,1.1844565868377686,0.10424554347991943
Sample_080,1.081488847732544,1.0728106498718262,-0.008678197860717773
Sample_081,1.039557695388794,1.312118411064148,0.272560715675354
Sample_082,1.027256965637207,1.1731667518615723,0.14590978622436523
Sample_083,1.0275617837905884,1.4237713813781738,0.39620959758758545
Sample_084,1.0270707607269287,1.0264579057693481,-0.0006128549575805664
Sample_085,1.0572295188903809,1.1851630210876465,0.12793350219726562
Sample_086,1.2245513200759888,1.104825496673584,-0.11972582340240479
Sample_087,1.0734057426452637,1.142370581626892,0.06896483898162842
Sample_088,1.954824447631836,1.4272254705429077,-0.5275989770889282
Sample_089,1.180047869682312,1.2333598136901855,0.053311944007873535
Sample_090,1.0438300371170044,1.0676778554916382,0.02384781837463379
Sample_091,1.0392868518829346,1.0947000980377197,0.055413246154785156
Sample_092,1.04332435131073,1.0885940790176392,0.04526972770690918
Sample_093,1.0529251098632812,1.0302879810333252,-0.022637128829956055
Sample_094,1.269539713859558,1.269973635673523,0.00043392181396484375
Sample_095,1.1432760953903198,1.1135426759719849,-0.02973341941833496
Sample_096,1.0400941371917725,1.2045069932937622,0.16441285610198975
Sample_097,1.0356800556182861,1.1299296617507935,0.09424960613250732
Sample_098,1.0438272953033447,1.247313141822815,0.20348584651947021
Sample_099,1.2207016944885254,1.174805998802185,-0.04589569568634033
Sample_100,1.0824131965637207,1.0942401885986328,0.01182699203491211
Sample_101,1.1071815490722656,1.1818395853042603,0.07465803623199463
Sample_102,1.120176911354065,1.2114888429641724,0.09131193161010742
Sample_103,1.0568073987960815,1.029515266418457,-0.02729213237762451
Sample_104,1.054593801498413,1.0235191583633423,-0.0310746431350708
Sample_105,1.4208731651306152,1.235848307609558,-0.18502485752105713
Sample_106,1.0628228187561035,1.11454439163208,0.05172157287597656
Sample_107,1.1837213039398193,1.198230504989624,0.014509201049804688
Sample_108,1.1103044748306274,1.0753753185272217,-0.03492915630340576
Sample_109,1.0923417806625366,1.109612226486206,0.017270445823669434
Sample_110,1.1865894794464111,1.1713066101074219,-0.015282869338989258
Sample_111,1.0489507913589478,1.0995184183120728,0.050567626953125
Sample_112,1.1343356370925903,1.113098382949829,-0.02123725414276123
Sample_113,1.164947271347046,1.3703309297561646,0.20538365840911865
Sample_114,1.24238920211792,1.1181654930114746,-0.12422370910644531
Sample_115,1.133315920829773,1.095467448234558,-0.037848472595214844
Sample_116,1.1938501596450806,1.0348418951034546,-0.15900826454162598
Sample_117,1.1221592426300049,1.1723952293395996,0.05023598670959473
Sample_118,1.6634538173675537,1.147364854812622,-0.5160889625549316
Sample_119,1.1183348894119263,1.1343932151794434,0.01605832576751709
Sample_120,1.153900146484375,1.1203193664550781,-0.033580780029296875
Sample_121,1.1140179634094238,1.0976392030715942,-0.01637876033782959
Sample_122,1.1259291172027588,1.1284770965576172,0.0025479793548583984
Sample_123,1.1288928985595703,1.1691654920578003,0.04027259349822998
Sample_124,1.1161285638809204,1.206624150276184,0.09049558639526367
Sample_125,1.102726936340332,1.249541997909546,0.14681506156921387
Sample_126,1.0614112615585327,1.2083451747894287,0.146933913230896
Sample_127,1.1622812747955322,1.2231086492538452,0.06082737445831299
Sample_128,1.034515619277954,1.1939303874969482,0.15941476821899414
Sample_129,1.0312365293502808,1.018645167350769,-0.012591361999511719
Sample_130,1.2516790628433228,1.0790640115737915,-0.17261505126953125
Sample_131,2.05686354637146,1.0823628902435303,-0.9745006561279297
Sample_132,1.0216658115386963,1.1793336868286133,0.157667875289917
Sample_133,1.1320186853408813,1.1213409900665283,-0.010677695274353027
Sample_134,1.6339881420135498,1.0766202211380005,-0.5573679208755493
Sample_135,1.1456278562545776,1.1851178407669067,0.0394899845123291
Sample_136,1.161020040512085,1.1134153604507446,-0.04760468006134033
Sample_137,1.0578583478927612,1.0746623277664185,0.016803979873657227
Sample_138,1.0530372858047485,1.1255477666854858,0.0725104808807373
Sample_139,1.1550601720809937,1.1058335304260254,-0.04922664165496826
Sample_140,1.125106930732727,1.192610502243042,0.06750357151031494
Sample_141,1.054084062576294,1.2380797863006592,0.18399572372436523
Sample_142,4.643888473510742,3.5626306533813477,-1.0812578201293945
Sample_143,1.4468437433242798,1.1546642780303955,-0.2921794652938843
Sample_144,1.1257727146148682,1.0240542888641357,-0.10171842575073242
Sample_145,1.0986571311950684,1.1387851238250732,0.04012799263000488
Sample_146,1.0395666360855103,1.2206991910934448,0.18113255500793457
Sample_147,1.074699878692627,1.1688436269760132,0.09414374828338623
Sample_148,1.0506010055541992,1.0351399183273315,-0.015461087226867676
Sample_149,1.0596566200256348,1.308376431465149,0.24871981143951416
Sample_150,1.047964334487915,1.044489860534668,-0.0034744739532470703
Sample_151,1.0366381406784058,1.0303127765655518,-0.006325364112854004
Sample_152,1.0327918529510498,1.1764705181121826,0.1436786651611328
Sample_153,1.0904494524002075,1.0851223468780518,-0.005327105522155762
Sample_154,1.211081624031067,1.210708498954773,-0.0003731250762939453
Sample_155,1.0973622798919678,1.0860320329666138,-0.011330246925354004
Sample_156,1.0302702188491821,1.1150805950164795,0.08481037616729736
Sample_157,1.087662696838379,1.1603617668151855,0.07269906997680664
Sample_158,1.0785971879959106,1.0869771242141724,0.008379936218261719
Sample_159,1.2997188568115234,1.2085814476013184,-0.09113740921020508
Sample_160,1.113820195198059,1.142289400100708,0.028469204902648926
Sample_161,1.0715620517730713,1.1514414548873901,0.07987940311431885
Sample_162,1.0799356698989868,1.240980625152588,0.16104495525360107
Sample_163,1.0749320983886719,1.0912169218063354,0.016284823417663574
Sample_164,1.2280266284942627,1.130595326423645,-0.09743130207061768
Sample_165,1.1357336044311523,1.078949213027954,-0.05678439140319824
Sample_166,1.1868653297424316,1.1417770385742188,-0.04508829116821289
Sample_167,1.0579084157943726,1.1780571937561035,0.12014877796173096
Sample_168,1.0400876998901367,1.0308231115341187,-0.009264588356018066
Sample_169,1.0433135032653809,1.1784727573394775,0.13515925407409668
Sample_170,1.1994094848632812,1.3156778812408447,0.11626839637756348
Sample_171,1.0720690488815308,1.1630138158798218,0.09094476699829102
Sample_172,1.196908950805664,1.1785868406295776,-0.018322110176086426
Sample_173,1.0745140314102173,1.1008234024047852,0.02630937099456787
Sample_174,1.080548882484436,1.1351478099822998,0.05459892749786377
Sample_175,1.1005463600158691,1.0313241481781006,-0.06922221183776855
Sample_176,1.0460625886917114,1.1234025955200195,0.0773400068283081
Sample_177,1.040297508239746,1.117293119430542,0.0769956111907959
Sample_178,1.0430952310562134,1.1038376092910767,0.06074237823486328
Sample_179,1.0435196161270142,1.0274244546890259,-0.01609516143798828
Sample_180,1.0535756349563599,1.0207544565200806,-0.0328211784362793
Sample_181,2.4943082332611084,1.0326669216156006,-1.4616413116455078
Sample_182,1.0627102851867676,1.1087876558303833,0.04607737064361572
Sample_183,3.0643270015716553,1.058245301246643,-2.006081700325012
Sample_184,1.104941964149475,1.2471421957015991,0.14220023155212402
Sample_185,1.1730053424835205,1.2102408409118652,0.03723549842834473
Sample_186,1.0730047225952148,1.1654819250106812,0.09247720241546631
Sample_187,1.0806970596313477,1.221481442451477,0.1407843828201294
Sample_188,1.0801105499267578,1.1273350715637207,0.04722452163696289
Sample_189,1.195529580116272,1.2836275100708008,0.08809792995452881
Sample_190,1.1130975484848022,1.194153070449829,0.08105552196502686
Sample_191,1.310911774635315,1.19136643409729,-0.1195453405380249
Sample_192,1.1229743957519531,1.2116385698318481,0.08866417407989502
Sample_193,1.1046382188796997,1.195698857307434,0.09106063842773438
Sample_194,1.0869618654251099,1.2456380128860474,0.1586761474609375
Sample_195,1.1142932176589966,1.1419823169708252,0.027689099311828613
Sample_196,1.081472396850586,1.1596083641052246,0.07813596725463867
Sample_197,1.0834250450134277,1.083774209022522,0.0003491640090942383
Sample_198,1.0917909145355225,1.108689308166504,0.016898393630981445
Sample_199,1.0418211221694946,1.0791914463043213,0.03737032413482666
Sample_200,1.0512666702270508,1.051522135734558,0.0002554655075073242
Sample_201,1.0581464767456055,1.1649080514907837,0.10676157474517822
Sample_202,1.1028568744659424,1.13569176197052,0.03283488750457764
Sample_203,1.112164855003357,1.0990084409713745,-0.013156414031982422
Sample_204,1.1025627851486206,1.1133240461349487,0.010761260986328125
Sample_205,1.0423592329025269,1.0629239082336426,0.020564675331115723
Sample_206,1.1568495035171509,1.0610677003860474,-0.09578180313110352
